Job ID,Job Title,Industry,Required Education,Required Degree Field,Years of Experience,Hard Skills,Soft Skills
1,Software Engineer,Technology,Bachelor,Computing,2,"['Python', 'Software Development', 'Version Control']","['Problem-Solving', 'Teamwork']"
2,Frontend Developer,Technology,Bachelor,Computing,1,"['JavaScript', 'HTML/CSS', 'React']","['Creativity', 'Attention to Detail']"
3,Backend Developer,Technology,Bachelor,Computing,2,"['Java', 'SQL', 'API Development']","['Logical Thinking', 'Collaboration']"
4,Full Stack Developer,Technology,Bachelor,Computing,3,"['JavaScript', 'Python', 'Node.js']","['Adaptability', 'Communication']"
5,DevOps Engineer,Technology,Bachelor,Computing,3,"['Docker', 'Kubernetes', 'CI/CD']","['Problem-Solving', 'Teamwork']"
6,Machine Learning Engineer,Technology,Master,Computing,2,"['Python', 'TensorFlow', 'Data Modeling']","['Analytical Thinking', 'Creativity']"
7,Data Scientist,Technology,Master,Computing,2,"['Python', 'Machine Learning', 'Data Visualization']","['Critical Thinking', 'Communication']"
8,Data Analyst,Technology,Bachelor,Computing,1,"['SQL', 'Excel', 'Tableau']","['Attention to Detail', 'Problem-Solving']"
9,Data Engineer,Technology,Bachelor,Computing,2,"['SQL', 'ETL', 'Big Data']","['Collaboration', 'Logical Thinking']"
10,Cloud Architect,Technology,Master,Computing,4,"['AWS', 'Azure', 'Cloud Security']","['Strategic Thinking', 'Leadership']"
11,Cybersecurity Analyst,Technology,Bachelor,Computing,2,"['Network Security', 'Ethical Hacking', 'SIEM']","['Attention to Detail', 'Problem-Solving']"
12,AI Researcher,Science and Research,Master,Computing,3,"['Python', 'Deep Learning', 'Natural Language Processing']","['Innovation', 'Critical Thinking']"
13,Blockchain Developer,Emerging Technologies,Bachelor,Computing,2,"['Solidity', 'Smart Contracts', 'Ethereum']","['Problem-Solving', 'Collaboration']"
14,Web Developer,Technology,Bachelor,Computing,1,"['HTML/CSS', 'JavaScript', 'PHP']","['Creativity', 'Adaptability']"
15,Game Developer,Arts and Media,Bachelor,Computing,2,"['Unity', 'C#', '3D Modeling']","['Creativity', 'Teamwork']"
16,UX Designer,Technology,Bachelor,Design,2,"['Figma', 'User Research', 'Wireframing']","['Empathy', 'Communication']"
17,UI Designer,Technology,Bachelor,Design,1,"['Adobe XD', 'Typography', 'Color Theory']","['Creativity', 'Attention to Detail']"
18,Product Manager (Tech),Technology,Master,Business,4,"['Agile Methodology', 'Product Roadmapping', 'Market Research']","['Leadership', 'Communication']"
19,Mobile App Developer,Technology,Bachelor,Computing,2,"['Swift', 'Kotlin', 'React Native']","['Problem-Solving', 'Adaptability']"
20,Embedded Systems Engineer,Technology,Bachelor,Engineering,3,"['C/C++', 'Microcontrollers', 'RTOS']","['Attention to Detail', 'Analytical Thinking']"
21,Financial Analyst,Finance,Bachelor,Business,2,"['Excel', 'Financial Modeling', 'Data Analysis']","['Analytical Thinking', 'Communication']"
22,Investment Banker,Finance,Master,Business,3,"['Financial Modeling', 'Valuation', 'M&A']","['Negotiation', 'Attention to Detail']"
23,Management Consultant,Finance,Master,Business,3,"['Strategic Planning', 'Market Analysis', 'Project Management']","['Problem-Solving', 'Communication']"
24,Auditor,Finance,Bachelor,Business,2,"['Accounting', 'Risk Assessment', 'Audit Software']","['Attention to Detail', 'Integrity']"
25,Accountant,Finance,Bachelor,Business,1,"['Bookkeeping', 'Tax Preparation', 'Financial Reporting']","['Accuracy', 'Organization']"
26,Risk Analyst,Finance,Bachelor,Business,2,"['Risk Modeling', 'Data Analysis', 'Statistics']","['Critical Thinking', 'Attention to Detail']"
27,Actuary,Finance,Master,Science,3,"['Statistical Modeling', 'Probability', 'Financial Mathematics']","['Analytical Thinking', 'Problem-Solving']"
28,Tax Consultant,Finance,Bachelor,Business,2,"['Tax Law', 'Financial Planning', 'Compliance']","['Communication', 'Attention to Detail']"
29,Corporate Lawyer,Law and Government,Master,Arts and Social Sciences,4,"['Contract Law', 'Corporate Governance', 'Legal Research']","['Negotiation', 'Critical Thinking']"
30,Compliance Officer,Law and Government,Bachelor,Business,2,"['Regulatory Compliance', 'Risk Management', 'Auditing']","['Attention to Detail', 'Integrity']"
31,Business Development Manager,Business,Bachelor,Business,3,"['Market Research', 'Sales Strategies', 'CRM']","['Negotiation', 'Communication']"
32,Marketing Analyst,Retail and Sales,Bachelor,Business,1,"['Data Analysis', 'SEO', 'Google Analytics']","['Creativity', 'Communication']"
33,Project Manager,Business,Master,Business,3,"['Agile Methodology', 'Budgeting', 'Stakeholder Management']","['Leadership', 'Organization']"
34,Venture Capital Analyst,Finance,Master,Business,2,"['Financial Modeling', 'Due Diligence', 'Market Analysis']","['Analytical Thinking', 'Communication']"
35,Fund Manager,Finance,Master,Business,5,"['Portfolio Management', 'Investment Strategies', 'Risk Assessment']","['Decision-Making', 'Leadership']"
36,Sales Executive,Retail and Sales,None,Business,1,"['CRM', 'Negotiation', 'Market Research']","['Communication', 'Persuasion']"
37,Entrepreneur / Startup Founder,Business,None,Business,3,"['Business Planning', 'Fundraising', 'Product Development']","['Leadership', 'Risk-Taking']"
38,Strategy Consultant,Business,Master,Business,4,"['Market Analysis', 'Competitive Research', 'Business Modeling']","['Critical Thinking', 'Communication']"
39,Business Analyst,Business,Bachelor,Business,2,"['Data Analysis', 'Process Improvement', 'Requirement Gathering']","['Problem-Solving', 'Communication']"
40,Real Estate Analyst,Finance,Bachelor,Business,2,"['Market Research', 'Financial Modeling', 'Property Valuation']","['Analytical Thinking', 'Attention to Detail']"
41,Doctor (General Practitioner),Healthcare,Master,Medicine (Medicine and Nursing Students),3,"['Diagnosis', 'Patient Care', 'Medical Knowledge']","['Empathy', 'Communication']"
42,Surgeon,Healthcare,Master,Medicine (Medicine and Nursing Students),5,"['Surgical Procedures', 'Anatomy', 'Patient Management']","['Precision', 'Stress Management']"
43,Nurse,Healthcare,Bachelor,Medicine (Medicine and Nursing Students),2,"['Patient Care', 'Medication Administration', 'First Aid']","['Compassion', 'Teamwork']"
44,Dentist,Healthcare,Master,Medicine (Medicine and Nursing Students),3,"['Dental Procedures', 'Oral Health', 'Patient Education']","['Manual Dexterity', 'Communication']"
45,Pharmacist,Healthcare,Master,Medicine (Medicine and Nursing Students),2,"['Medication Management', 'Pharmaceutical Knowledge', 'Dosage Calculation']","['Attention to Detail', 'Customer Service']"
46,Physiotherapist,Healthcare,Bachelor,Medicine (Medicine and Nursing Students),2,"['Rehabilitation Techniques', 'Exercise Prescription', 'Patient Assessment']","['Empathy', 'Patience']"
47,Radiologist,Healthcare,Master,Medicine (Medicine and Nursing Students),4,"['Medical Imaging', 'Diagnosis', 'Radiation Safety']","['Analytical Thinking', 'Attention to Detail']"
48,Occupational Therapist,Healthcare,Master,Medicine (Medicine and Nursing Students),3,"['Patient Assessment', 'Rehabilitation Techniques', 'Therapeutic Equipment']","['Empathy', 'Communication', 'Patience']"
49,Clinical Research Associate,Healthcare,Bachelor,Science,2,"['Clinical Trials', 'Data Collection', 'Regulatory Compliance']","['Attention to Detail', 'Organization', 'Teamwork']"
50,Medical Laboratory Technologist,Healthcare,Bachelor,Science,1,"['Lab Testing', 'Microscopy', 'Data Analysis']","['Precision', 'Time Management', 'Collaboration']"
51,Paramedic,Healthcare,Bachelor,Medicine (Medicine and Nursing Students),2,"['Emergency Care', 'CPR', 'Medical Equipment']","['Calm Under Pressure', 'Quick Decision-Making', 'Compassion']"
52,Psychiatrist,Healthcare,Master,Medicine (Medicine and Nursing Students),5,"['Diagnosis', 'Psychotherapy', 'Medication Management']","['Active Listening', 'Empathy', 'Patience']"
53,Psychologist,Healthcare,Master,Arts and Social Sciences,3,"['Psychological Testing', 'Counseling', 'Behavioral Analysis']","['Empathy', 'Communication', 'Critical Thinking']"
54,Medical Sales Representative,Healthcare,Bachelor,Business,2,"['Sales Techniques', 'Product Knowledge', 'CRM Software']","['Negotiation', 'Communication', 'Persuasion']"
55,Healthcare Administrator,Healthcare,Bachelor,Business,4,"['Healthcare Regulations', 'Budget Management', 'Staff Scheduling']","['Leadership', 'Organization', 'Problem-Solving']"
56,Veterinary Surgeon,Healthcare,Master,Medicine (Medicine and Nursing Students),3,"['Surgical Procedures', 'Animal Diagnosis', 'Anesthesia']","['Compassion', 'Attention to Detail', 'Patience']"
57,Nutritionist,Healthcare,Bachelor,Science,1,"['Diet Planning', 'Nutritional Assessment', 'Food Science']","['Communication', 'Empathy', 'Motivation']"
58,Optometrist,Healthcare,Master,Medicine (Medicine and Nursing Students),2,"['Eye Examinations', 'Contact Lens Fitting', 'Vision Therapy']","['Patient Care', 'Attention to Detail', 'Communication']"
59,Public Health Officer,Healthcare,Master,Science,4,"['Epidemiology', 'Health Policy', 'Disease Prevention']","['Leadership', 'Communication', 'Critical Thinking']"
60,Medical Technologist,Healthcare,Bachelor,Science,2,"['Lab Testing', 'Diagnostic Equipment', 'Data Analysis']","['Attention to Detail', 'Teamwork', 'Problem-Solving']"
61,Graphic Designer,Arts and Media,Bachelor,Design,1,"['Adobe Creative Suite', 'Typography', 'Branding']","['Creativity', 'Communication', 'Time Management']"
62,Animator,Arts and Media,Bachelor,Design,2,"['2D/3D Animation', 'Storyboarding', 'Motion Graphics']","['Creativity', 'Collaboration', 'Attention to Detail']"
63,Illustrator,Arts and Media,Bachelor,Design,1,"['Digital Illustration', 'Sketching', 'Concept Art']","['Creativity', 'Adaptability', 'Attention to Detail']"
64,Video Editor,Arts and Media,Bachelor,Design,2,"['Adobe Premiere', 'Color Grading', 'Sound Editing']","['Creativity', 'Time Management', 'Collaboration']"
65,Film Director,Arts and Media,Bachelor,Arts and Social Sciences,5,"['Storytelling', 'Cinematography', 'Script Analysis']","['Leadership', 'Creativity', 'Communication']"
66,Music Producer,Arts and Media,Bachelor,Arts and Social Sciences,3,"['Audio Mixing', 'MIDI Programming', 'Sound Design']","['Creativity', 'Collaboration', 'Attention to Detail']"
67,Sound Engineer,Arts and Media,Bachelor,Engineering,2,"['Audio Editing', 'Live Sound Mixing', 'Acoustics']","['Attention to Detail', 'Problem-Solving', 'Teamwork']"
68,Photographer,Arts and Media,Bachelor,Design,1,"['Photo Editing', 'Lighting Techniques', 'Composition']","['Creativity', 'Attention to Detail', 'Adaptability']"
69,Content Creator,Arts and Media,Bachelor,Arts and Social Sciences,1,"['Video Production', 'Social Media Management', 'Copywriting']","['Creativity', 'Communication', 'Adaptability']"
70,Copywriter,Arts and Media,Bachelor,Arts and Social Sciences,2,"['SEO Writing', 'Brand Messaging', 'Content Strategy']","['Creativity', 'Communication', 'Research']"
71,Journalist,Arts and Media,Bachelor,Arts and Social Sciences,2,"['Investigative Reporting', 'Interviewing', 'Fact-Checking']","['Communication', 'Curiosity', 'Adaptability']"
72,Screenwriter,Arts and Media,Bachelor,Arts and Social Sciences,3,"['Scriptwriting', 'Story Development', 'Dialogue Writing']","['Creativity', 'Persistence', 'Collaboration']"
73,Social Media Manager,Arts and Media,Bachelor,Business,2,"['Content Scheduling', 'Analytics', 'Campaign Management']","['Creativity', 'Communication', 'Adaptability']"
74,Brand Strategist,Arts and Media,Bachelor,Business,3,"['Market Research', 'Brand Positioning', 'Consumer Insights']","['Strategic Thinking', 'Communication', 'Creativity']"
75,Art Director,Arts and Media,Bachelor,Design,4,"['Visual Storytelling', 'Creative Direction', 'Branding']","['Leadership', 'Creativity', 'Collaboration']"
76,Creative Director,Arts and Media,Bachelor,Design,5,"['Campaign Development', 'Creative Strategy', 'Team Leadership']","['Visionary Thinking', 'Leadership', 'Communication']"
77,Game Designer,Arts and Media,Bachelor,Design,2,"['Game Mechanics', 'Level Design', 'Prototyping']","['Creativity', 'Problem-Solving', 'Collaboration']"
78,Fashion Designer,Arts and Media,Bachelor,Design,3,"['Pattern Making', 'Textile Knowledge', 'Fashion Illustration']","['Creativity', 'Attention to Detail', 'Trend Awareness']"
79,Interior Designer,Arts and Media,Bachelor,Design,2,"['Space Planning', '3D Rendering', 'Material Selection']","['Creativity', 'Communication', 'Problem-Solving']"
80,Web Content Manager,Technology,Bachelor,Computing,2,"['Content Management Systems', 'SEO', 'HTML/CSS']","['Communication', 'Organization', 'Attention to Detail']"
81,University Lecturer,Education,Master,Arts and Social Sciences,4,"['Curriculum Development', 'Academic Research', 'Lecture Delivery']","['Communication', 'Mentorship', 'Public Speaking']"
82,Primary School Teacher,Education,Bachelor,Arts and Social Sciences,2,"['Lesson Planning', 'Classroom Management', 'Child Development']","['Patience', 'Communication', 'Empathy']"
83,Secondary School Teacher,Education,Bachelor,Arts and Social Sciences,3,"['Subject Expertise', 'Assessment Design', 'Classroom Management']","['Communication', 'Patience', 'Leadership']"
84,Curriculum Developer,Education,Master,Arts and Social Sciences,3,"['Educational Standards', 'Instructional Design', 'Assessment Strategies']","['Collaboration', 'Creativity', 'Problem-Solving']"
85,Research Scientist,Science and Research,Master,Science,4,"['Experimental Design', 'Data Analysis', 'Scientific Writing']","['Critical Thinking', 'Curiosity', 'Persistence']"
86,Librarian,Education,Master,Arts and Social Sciences,2,"['Cataloging', 'Information Retrieval', 'Digital Archives']","['Organization', 'Customer Service', 'Attention to Detail']"
87,Instructional Designer,Education,Master,Arts and Social Sciences,3,"['E-Learning Development', 'Learning Management Systems', 'Assessment Design']","['Collaboration', 'Creativity', 'Problem-Solving']"
88,Special Education Teacher,Education,Bachelor,Arts and Social Sciences,3,"['Classroom Management', 'Individualized Education Plans', 'Behavioral Interventions']","['Patience', 'Empathy', 'Communication']"
89,Academic Advisor,Education,Master,Arts and Social Sciences,2,"['Academic Planning', 'Student Counseling', 'Degree Audits']","['Active Listening', 'Interpersonal Skills', 'Problem-Solving']"
90,Training Specialist,Human Resources and Operations,Bachelor,Business,4,"['Curriculum Development', 'Learning Management Systems', 'Training Delivery']","['Presentation Skills', 'Adaptability', 'Collaboration']"
91,Learning and Development Manager,Human Resources and Operations,Master,Business,5,"['Training Strategy', 'Performance Metrics', 'E-Learning Tools']","['Leadership', 'Strategic Thinking', 'Communication']"
92,E-learning Specialist,Education,Bachelor,Information Systems,3,"['Learning Management Systems', 'Instructional Design', 'Multimedia Development']","['Creativity', 'Attention to Detail', 'Problem-Solving']"
93,Test Developer,Education,Bachelor,Science,2,"['Assessment Design', 'Psychometrics', 'Data Analysis']","['Analytical Thinking', 'Attention to Detail', 'Collaboration']"
94,Science Educator,Education,Bachelor,Science,1,"['Lesson Planning', 'Laboratory Management', 'STEM Education']","['Enthusiasm', 'Communication', 'Patience']"
95,Language Instructor,Education,Bachelor,Arts and Social Sciences,2,"['Language Proficiency', 'Curriculum Development', 'Cultural Knowledge']","['Patience', 'Communication', 'Adaptability']"
96,College Admissions Officer,Education,Bachelor,Arts and Social Sciences,3,"['Application Review', 'Recruitment Strategies', 'CRM Software']","['Interpersonal Skills', 'Decision-Making', 'Organization']"
97,Early Childhood Educator,Education,Bachelor,Arts and Social Sciences,2,"['Child Development', 'Classroom Management', 'Early Literacy']","['Patience', 'Creativity', 'Empathy']"
98,Education Policy Analyst,Education,Master,Arts and Social Sciences,4,"['Policy Research', 'Data Analysis', 'Report Writing']","['Critical Thinking', 'Communication', 'Problem-Solving']"
99,Tutor,Education,None,Arts and Social Sciences,1,"['Subject Matter Expertise', 'Teaching Techniques', 'Assessment']","['Patience', 'Communication', 'Adaptability']"
100,Career Counselor,Human Resources and Operations,Master,Arts and Social Sciences,3,"['Career Assessments', 'Resume Writing', 'Interview Coaching']","['Empathy', 'Active Listening', 'Interpersonal Skills']"
101,Human Resources Manager,Human Resources and Operations,Bachelor,Business,5,"['Employee Relations', 'HR Policies', 'Performance Management']","['Leadership', 'Conflict Resolution', 'Communication']"
102,Recruiter,Human Resources and Operations,Bachelor,Business,2,"['Talent Sourcing', 'Applicant Tracking Systems', 'Interviewing']","['Networking', 'Communication', 'Persuasion']"
103,Talent Acquisition Specialist,Human Resources and Operations,Bachelor,Business,3,"['Recruitment Strategies', 'Employer Branding', 'Candidate Assessment']","['Relationship Building', 'Negotiation', 'Communication']"
104,Compensation and Benefits Manager,Human Resources and Operations,Master,Business,5,"['Salary Benchmarking', 'Benefits Administration', 'Payroll Systems']","['Analytical Thinking', 'Attention to Detail', 'Communication']"
105,Organizational Development Consultant,Human Resources and Operations,Master,Business,4,"['Change Management', 'Leadership Training', 'Employee Engagement']","['Strategic Thinking', 'Problem-Solving', 'Interpersonal Skills']"
106,Office Manager,Human Resources and Operations,Bachelor,Business,3,"['Office Administration', 'Budget Management', 'Scheduling']","['Organization', 'Communication', 'Multitasking']"
107,Executive Assistant,Human Resources and Operations,Bachelor,Business,2,"['Calendar Management', 'Travel Coordination', 'Document Preparation']","['Discretion', 'Time Management', 'Communication']"
108,Administrative Assistant,Human Resources and Operations,None,Business,1,"['Data Entry', 'Filing Systems', 'Office Software']","['Organization', 'Communication', 'Attention to Detail']"
109,Facilities Manager,Human Resources and Operations,Bachelor,Business,4,"['Maintenance Coordination', 'Space Planning', 'Safety Compliance']","['Problem-Solving', 'Leadership', 'Communication']"
110,Event Coordinator,"Travel, Hospitality and Tourism",Bachelor,Business,2,"['Event Planning', 'Vendor Management', 'Budgeting']","['Organization', 'Creativity', 'Interpersonal Skills']"
111,Civil Engineer,Construction and Engineering,Bachelor,Engineering,3,"['Structural Design', 'AutoCAD', 'Project Management']","['Problem-Solving', 'Teamwork', 'Attention to Detail']"
112,Electrical Engineer,Construction and Engineering,Bachelor,Engineering,2,"['Circuit Design', 'Power Systems', 'MATLAB']","['Analytical Thinking', 'Collaboration', 'Creativity']"
113,Mechanical Engineer,Construction and Engineering,Bachelor,Engineering,3,"['CAD Modeling', 'Thermodynamics', 'Prototyping']","['Problem-Solving', 'Innovation', 'Teamwork']"
114,Structural Engineer,Construction and Engineering,Master,Engineering,4,"['Finite Element Analysis', 'Seismic Design', 'Steel and Concrete Design']","['Attention to Detail', 'Critical Thinking', 'Collaboration']"
115,Architect,Construction and Engineering,Master,Design,5,"['Architectural Design', 'Revit', 'Building Codes']","['Creativity', 'Visualization', 'Communication']"
116,Construction Project Manager,Construction and Engineering,Bachelor,Engineering,5,"['Project Scheduling', 'Cost Estimation', 'Contract Management']","['Leadership', 'Negotiation', 'Problem-Solving']"
117,Urban Planner,Construction and Engineering,Master,Design,3,"['GIS Software', 'Zoning Regulations', 'Community Engagement']","['Analytical Thinking', 'Communication', 'Collaboration']"
118,Carpenter,Construction and Engineering,None,None,2,"['Woodworking', 'Blueprint Reading', 'Framing']","['Attention to Detail', 'Physical Stamina', 'Teamwork']"
119,Electrician,Construction and Engineering,None,None,3,"['Electrical Wiring', 'Troubleshooting', 'National Electrical Code']","['Problem-Solving', 'Safety Awareness', 'Manual Dexterity']"
120,Plumber,Construction and Engineering,None,None,2,"['Pipe Installation', 'Leak Repair', 'Plumbing Codes']","['Problem-Solving', 'Physical Stamina', 'Customer Service']"
121,Welder,Construction and Engineering,None,None,1,"['Arc Welding', 'Metal Fabrication', 'Blueprint Reading']","['Attention to Detail', 'Physical Stamina', 'Teamwork']"
122,Heavy Equipment Operator,Construction and Engineering,None,None,2,"['Equipment Maintenance', 'Safety Protocols', 'Site Preparation']","['Coordination', 'Attention to Detail', 'Reliability']"
123,Manufacturing Engineer,Construction and Engineering,Bachelor,Engineering,3,"['Process Improvement', 'Lean Manufacturing', 'CAD/CAM']","['Problem-Solving', 'Innovation', 'Teamwork']"
124,Quality Assurance Engineer,Construction and Engineering,Bachelor,Engineering,2,"['Testing Protocols', 'Statistical Analysis', 'Quality Standards']","['Attention to Detail', 'Analytical Thinking', 'Communication']"
125,Factory Supervisor,Construction and Engineering,Bachelor,Business,4,"['Production Scheduling', 'Inventory Management', 'Safety Compliance']","['Leadership', 'Decision-Making', 'Conflict Resolution']"
126,Environmental Scientist,Environmental and Sustainability,Bachelor,Science,3,"['Environmental Impact Assessment', 'GIS', 'Data Analysis']","['Critical Thinking', 'Communication', 'Attention to Detail']"
127,Sustainability Specialist,Environmental and Sustainability,Master,Science,4,"['Sustainability Reporting', 'Life Cycle Assessment', 'Carbon Footprinting']","['Strategic Planning', 'Stakeholder Engagement', 'Problem-Solving']"
128,Renewable Energy Engineer,Environmental and Sustainability,Bachelor,Engineering,2,"['Solar Energy Systems', 'Wind Turbine Design', 'Energy Modeling']","['Innovation', 'Teamwork', 'Project Management']"
129,Marine Biologist,Science and Research,Master,Science,3,"['Marine Ecosystems Analysis', 'Field Sampling', 'Statistical Modeling']","['Patience', 'Observational Skills', 'Collaboration']"
130,Climate Change Analyst,Environmental and Sustainability,Master,Science,4,"['Climate Modeling', 'Policy Analysis', 'Data Visualization']","['Analytical Thinking', 'Communication', 'Adaptability']"
131,Water Resource Specialist,Environmental and Sustainability,Bachelor,Engineering,3,"['Hydrological Modeling', 'Water Quality Analysis', 'GIS']","['Problem-Solving', 'Teamwork', 'Attention to Detail']"
132,Ecologist,Science and Research,Bachelor,Science,2,"['Ecosystem Assessment', 'Field Research', 'Species Identification']","['Patience', 'Observation', 'Communication']"
133,Agricultural Scientist,Science and Research,Master,Science,3,"['Crop Science', 'Soil Analysis', 'Agricultural Biotechnology']","['Research Skills', 'Problem-Solving', 'Collaboration']"
134,Wildlife Conservationist,Environmental and Sustainability,Bachelor,Science,2,"['Wildlife Tracking', 'Habitat Restoration', 'Conservation Planning']","['Passion for Wildlife', 'Patience', 'Teamwork']"
135,Environmental Policy Analyst,Law and Government,Master,Arts and Social Sciences,4,"['Policy Analysis', 'Regulatory Compliance', 'Stakeholder Consultation']","['Critical Thinking', 'Communication', 'Negotiation']"
136,Hotel Manager,"Travel, Hospitality and Tourism",Bachelor,Business,5,"['Hospitality Management', 'Revenue Management', 'Customer Service']","['Leadership', 'Communication', 'Problem-Solving']"
137,Travel Agent,"Travel, Hospitality and Tourism",None,Business,1,"['Travel Booking Systems', 'Itinerary Planning', 'Customer Service']","['Communication', 'Sales Skills', 'Attention to Detail']"
138,Tour Guide,"Travel, Hospitality and Tourism",None,Arts and Social Sciences,0,"['Local Knowledge', 'Multilingual Skills', 'First Aid']","['Public Speaking', 'Enthusiasm', 'Interpersonal Skills']"
139,Event Planner,"Travel, Hospitality and Tourism",Bachelor,Business,3,"['Event Coordination', 'Vendor Management', 'Budgeting']","['Organization', 'Creativity', 'Time Management']"
140,Flight Attendant,"Travel, Hospitality and Tourism",None,Business,1,"['Safety Procedures', 'Customer Service', 'First Aid']","['Communication', 'Patience', 'Teamwork']"
141,Pilot,Transportation and Logistics,Bachelor,Engineering,5,"['Flight Operations', 'Navigation Systems', 'Aircraft Systems']","['Decision-Making', 'Leadership', 'Calm Under Pressure']"
142,Cruise Director,"Travel, Hospitality and Tourism",Bachelor,Business,4,"['Entertainment Coordination', 'Guest Relations', 'Event Management']","['Leadership', 'Communication', 'Creativity']"
143,Resort Manager,"Travel, Hospitality and Tourism",Bachelor,Business,5,"['Resort Operations', 'Hospitality Management', 'Revenue Optimization']","['Leadership', 'Customer Service', 'Problem-Solving']"
144,Concierge,"Travel, Hospitality and Tourism",None,Business,2,"['Guest Services', 'Local Knowledge', 'Reservation Systems']","['Communication', 'Problem-Solving', 'Attention to Detail']"
145,Restaurant Manager,"Travel, Hospitality and Tourism",Bachelor,Business,3,"['Restaurant Operations', 'Inventory Management', 'Staff Scheduling']","['Leadership', 'Customer Service', 'Teamwork']"
146,Chemist,Science and Research,Bachelor,Science,2,"['Chemical Analysis', 'Laboratory Techniques', 'Data Interpretation']","['Attention to Detail', 'Analytical Thinking', 'Problem-Solving']"
147,Physicist,Science and Research,Master,Science,3,"['Theoretical Modeling', 'Data Analysis', 'Computational Physics']","['Critical Thinking', 'Curiosity', 'Patience']"
148,Biologist,Science and Research,Bachelor,Science,2,"['Microscopy', 'DNA Analysis', 'Statistical Methods']","['Observation', 'Research Skills', 'Collaboration']"
149,Astronomer,Science and Research,Master,Science,4,"['Telescope Operation', 'Astrophysical Modeling', 'Data Analysis']","['Patience', 'Analytical Thinking', 'Problem-Solving']"
150,Mathematician,Science and Research,Master,Science,3,"['Mathematical Modeling', 'Statistical Analysis', 'Algorithm Development']","['Logical Thinking', 'Creativity', 'Attention to Detail']"
151,Statistician,Science and Research,Master,Science,3,"['Statistical Software', 'Data Analysis', 'Experimental Design']","['Analytical Thinking', 'Problem-Solving', 'Communication']"
152,Geneticist,Science and Research,Master,Science,4,"['Genomic Sequencing', 'PCR', 'Bioinformatics']","['Research Skills', 'Attention to Detail', 'Collaboration']"
153,Biomedical Engineer,Healthcare,Bachelor,Engineering,3,"['Medical Device Design', 'Biomechanics', 'Signal Processing']","['Problem-Solving', 'Teamwork', 'Innovation']"
154,Materials Scientist,Science and Research,Master,Science,4,"['Materials Characterization', 'Polymer Science', 'Nanotechnology']","['Research Skills', 'Analytical Thinking', 'Creativity']"
155,Forensic Scientist,Science and Research,Bachelor,Science,3,"['DNA Analysis', 'Toxicology', 'Crime Scene Investigation']","['Attention to Detail', 'Critical Thinking', 'Communication']"
156,Retail Store Manager,Retail and Sales,Bachelor,Business,4,"['Inventory Management', 'Sales Analysis', 'Staff Training']","['Leadership', 'Customer Service', 'Problem-Solving']"
157,Cashier,Retail and Sales,None,Business,0,"['Point of Sale Systems', 'Cash Handling', 'Product Knowledge']","['Customer Service', 'Attention to Detail', 'Friendliness']"
158,Visual Merchandiser,Retail and Sales,Bachelor,Design,2,"['Store Layout Design', 'Display Creation', 'Trend Analysis']","['Creativity', 'Attention to Detail', 'Communication']"
159,Customer Service Representative,Retail and Sales,None,Business,1,"['CRM Software', 'Order Processing', 'Product Knowledge']","['Communication', 'Empathy', 'Problem-Solving']"
160,E-commerce Manager,Retail and Sales,Bachelor,Business,3,"['Online Marketing', 'SEO', 'Web Analytics']","['Strategic Thinking', 'Communication', 'Adaptability']"
161,Sales Associate,Retail and Sales,None,Business,1,"['Product Knowledge', 'Sales Techniques', 'Customer Relationship Management']","['Communication', 'Persuasion', 'Friendliness']"
162,Account Manager,Retail and Sales,Bachelor,Business,3,"['Client Relationship Management', 'Sales Forecasting', 'Contract Negotiation']","['Communication', 'Negotiation', 'Problem-Solving']"
163,Key Account Executive,Retail and Sales,Bachelor,Business,4,"['Account Strategy', 'Revenue Growth', 'Market Analysis']","['Relationship Building', 'Negotiation', 'Strategic Thinking']"
164,Retail Buyer,Retail and Sales,Bachelor,Business,3,"['Vendor Negotiation', 'Inventory Planning', 'Trend Forecasting']","['Analytical Thinking', 'Decision-Making', 'Communication']"
165,Merchandise Planner,Retail and Sales,Bachelor,Business,3,"['Demand Forecasting', 'Inventory Optimization', 'Sales Analysis']","['Analytical Skills', 'Attention to Detail', 'Problem-Solving']"
166,Public Policy Analyst,Law and Government,Master,Arts and Social Sciences,4,"['Policy Research', 'Legislative Analysis', 'Stakeholder Engagement']","['Critical Thinking', 'Communication', 'Negotiation']"
167,Police Officer,Law and Government,None,Arts and Social Sciences,2,"['Law Enforcement', 'Criminal Investigation', 'First Aid']","['Communication', 'Decision-Making', 'Physical Fitness']"
168,Firefighter,Law and Government,None,Arts and Social Sciences,2,"['Fire Suppression', 'Emergency Medical Response', 'Hazardous Materials Handling']","['Bravery', 'Teamwork', 'Physical Fitness']"
169,Diplomat,Law and Government,Master,Arts and Social Sciences,2,"[Foreign Language Proficiency','International Relations Knowledge','Negotiation and Mediation']","['Cultural Sensitivity and Awareness','Emotional Intelligence','Communication']"
170,Immigration Officer,Law and Government,Bachelor,Arts and Social Sciences,3,"['Legal Documentation', 'Immigration Laws', 'Case Management']","['Communication', 'Empathy', 'Attention to Detail']"
171,Judge,Law and Government,Master,Arts and Social Sciences,5,"['Legal Research', 'Judicial Procedures', 'Courtroom Management']","['Decision-Making', 'Integrity', 'Leadership']"
172,Paralegal,Law and Government,Bachelor,Arts and Social Sciences,2,"['Legal Writing', 'Document Drafting', 'Case Preparation']","['Organization', 'Time Management', 'Teamwork']"
173,Legal Assistant,Law and Government,Bachelor,Arts and Social Sciences,1,"['Legal Research', 'Document Management', 'Scheduling']","['Communication', 'Attention to Detail', 'Adaptability']"
174,Public Defender,Law and Government,Master,Arts and Social Sciences,4,"['Criminal Law', 'Trial Advocacy', 'Client Representation']","['Empathy', 'Public Speaking', 'Resilience']"
175,Urban Policy Planner,Law and Government,Master,Arts and Social Sciences,3,"['Policy Analysis', 'Urban Development', 'GIS Mapping']","['Critical Thinking', 'Collaboration', 'Negotiation']"
176,Supply Chain Manager,Transportation and Logistics,Bachelor,Business,4,"['Inventory Management', 'Logistics Software', 'Supplier Negotiation']","['Leadership', 'Problem-Solving', 'Strategic Thinking']"
177,Logistics Coordinator,Transportation and Logistics,Bachelor,Business,2,"['Shipping Coordination', 'Route Planning', 'ERP Systems']","['Organization', 'Communication', 'Multitasking']"
178,Transportation Planner,Transportation and Logistics,Bachelor,Engineering,3,"['Traffic Analysis', 'GIS Software', 'Transport Modeling']","['Analytical Thinking', 'Teamwork', 'Project Management']"
179,Warehouse Manager,Transportation and Logistics,Bachelor,Business,3,"['Inventory Control', 'Warehouse Software', 'Safety Compliance']","['Leadership', 'Time Management', 'Problem-Solving']"
180,Freight Broker,Transportation and Logistics,None,Business,1,"['Freight Negotiation', 'Load Board Management', 'Shipping Regulations']","['Communication', 'Networking', 'Persuasion']"
181,Truck Driver,Transportation and Logistics,None,None,0,"['Vehicle Operation', 'Route Navigation', 'Cargo Handling']","['Time Management', 'Patience', 'Safety Awareness']"
182,Airline Operations Manager,Transportation and Logistics,Bachelor,Business,4,"['Flight Scheduling', 'Regulatory Compliance', 'Operations Software']","['Leadership', 'Decision-Making', 'Crisis Management']"
183,Port Manager,Transportation and Logistics,Bachelor,Business,5,"['Port Operations', 'Maritime Regulations', 'Cargo Handling']","['Leadership', 'Strategic Planning', 'Stakeholder Management']"
184,Inventory Manager,Transportation and Logistics,Bachelor,Business,3,"['Stock Control', 'Demand Forecasting', 'ERP Systems']","['Attention to Detail', 'Analytical Thinking', 'Organization']"
185,Procurement Officer,Transportation and Logistics,Bachelor,Business,2,"['Vendor Management', 'Contract Negotiation', 'Purchase Order Systems']","['Negotiation', 'Communication', 'Cost Awareness']"
186,AI Product Manager,Technology,Master,Computing,4,"['Machine Learning', 'Product Roadmapping', 'Agile Development']","['Leadership', 'Strategic Thinking', 'Stakeholder Management']"
187,Prompt Engineer (for AI),Technology,Bachelor,Computing,2,"['Natural Language Processing', 'AI Model Fine-Tuning', 'Python']","['Creativity', 'Problem-Solving', 'Attention to Detail']"
188,Data Privacy Officer,Technology,Master,Information Systems,5,"['GDPR Compliance', 'Risk Assessment', 'Data Encryption']","['Ethical Judgment', 'Communication', 'Policy Development']"
189,Robotics Engineer,Technology,Master,Engineering,3,"['Robotics Programming', 'CAD Design', 'Control Systems']","['Innovation', 'Collaboration', 'Problem-Solving']"
190,VR/AR Developer,Technology,Bachelor,Computing,2,"['Unity 3D', '3D Modeling', 'C# Programming']","['Creativity', 'Teamwork', 'User-Centric Thinking']"
191,Quantum Computing Researcher,Science and Research,Master,Science,4,"['Quantum Algorithms', 'Linear Algebra', 'Qiskit']","['Analytical Thinking', 'Curiosity', 'Persistence']"
192,Drone Operator,Technology,None,None,1,"['Drone Piloting', 'Aerial Photography', 'FAA Regulations']","['Precision', 'Safety Awareness', 'Adaptability']"
193,Space Tourism Guide,"Travel, Hospitality and Tourism",Bachelor,Arts and Social Sciences,2,"['Customer Service', 'Safety Protocols', 'Tour Coordination']","['Communication', 'Enthusiasm', 'Public Speaking']"
194,Smart Home Technician,Technology,None,Engineering,1,"['IoT Device Installation', 'Network Configuration', 'Troubleshooting']","['Customer Service', 'Problem-Solving', 'Technical Aptitude']"
195,Climate Tech Entrepreneur,Environmental and Sustainability,Master,Business,5,"['Sustainable Technologies', 'Business Development', 'Fundraising']","['Innovation', 'Risk-Taking', 'Leadership']"
196,Blockchain Product Manager,Technology,Master,Computing,4,"['Blockchain Protocols', 'Smart Contracts', 'Decentralized Applications']","['Strategic Vision', 'Collaboration', 'Market Analysis']"
197,Autonomous Vehicle Engineer,Technology,Master,Engineering,3,"['Machine Learning', 'Sensor Fusion', 'ROS (Robot Operating System)']","['Problem-Solving', 'Teamwork', 'Innovation']"
198,IoT (Internet of Things) Engineer,Technology,Bachelor,Engineering,2,"['Embedded Systems', 'Wireless Protocols', 'Cloud Integration']","['Analytical Thinking', 'Collaboration', 'Creativity']"
199,Digital Twin Engineer,Technology,Master,Engineering,3,"['3D Modeling', 'Simulation Software', 'Data Analytics']","['Attention to Detail', 'Problem-Solving', 'Interdisciplinary Collaboration']"
200,Ethical Hacker,Technology,Bachelor,Computing,3,"['Penetration Testing', 'Network Security', 'Vulnerability Assessment']","['Curiosity', 'Ethical Judgment', 'Problem-Solving']"